521257,70,0.056,6.1,Normal
523258,67,0.054,1.5,Normal
525258,67,0.054,1.5,Normal
527259,60,0.048,-9.1,Normal
529260,68,0.055,3.0,Normal
531261,67,0.054,1.5,Normal
533261,68,0.055,3.0,Normal
535262,62,0.050,-6.1,Normal
537263,63,0.051,-4.5,Normal
539264,63,0.051,-4.5,Normal
541265,68,0.055,3.0,Normal
543266,69,0.056,4.5,Normal
545266,59,0.048,-10.6,Normal
547267,66,0.053,0.0,Normal
549267,68,0.055,3.0,Normal
551268,61,0.049,-7.6,Normal
553269,66,0.053,0.0,Normal
555270,63,0.051,-4.5,Normal
557271,65,0.052,-1.5,Normal
559272,71,0.057,7.6,Normal
561272,65,0.052,-1.5,Normal
563273,64,0.052,-3.0,Normal
565274,64,0.052,-3.0,Normal
567275,66,0.053,0.0,Normal
569275,65,0.052,-1.5,Normal
571276,66,0.053,0.0,Normal
573276,62,0.050,-6.1,Normal
575277,64,0.052,-3.0,Normal
577278,64,0.052,-3.0,Normal
579279,70,0.056,6.1,Normal
581279,63,0.051,-4.5,Normal
583280,69,0.056,4.5,Normal
585280,69,0.056,4.5,Normal
587281,63,0.051,-4.5,Normal
589282,64,0.052,-3.0,Normal
591283,67,0.054,1.5,Normal
593283,63,0.051,-4.5,Normal
595284,69,0.056,4.5,Normal
597284,65,0.052,-1.5,Normal
599285,65,0.052,-1.5,Normal
601286,66,0.053,0.0,Normal
603287,64,0.052,-3.0,Normal
605288,65,0.052,-1.5,Normal
607289,68,0.055,3.0,Normal
609289,72,0.058,9.1,Normal
611290,65,0.052,-1.5,Normal
613291,65,0.052,-1.5,Normal
615292,61,0.049,-7.6,Normal
617293,62,0.050,-6.1,Normal
619294,58,0.047,-12.1,Normal
621295,64,0.052,-3.0,Normal
623296,64,0.052,-3.0,Normal
625297,60,0.048,-9.1,Normal
627298,64,0.052,-3.0,Normal
629299,64,0.052,-3.0,Normal
631300,71,0.057,7.6,Normal
633300,68,0.055,3.0,Normal
635301,63,0.051,-4.5,Normal
637302,66,0.053,0.0,Normal
639303,57,0.046,-13.6,Normal
641304,65,0.052,-1.5,Normal
643305,64,0.052,-3.0,Normal
645306,63,0.051,-4.5,Normal
647307,63,0.051,-4.5,Normal
649308,67,0.054,1.5,Normal
651309,62,0.050,-6.1,Normal
653310,67,0.054,1.5,Normal
655311,69,0.056,4.5,Normal
657311,67,0.054,1.5,Normal
659312,68,0.055,3.0,Normal
661312,69,0.056,4.5,Normal
663313,66,0.053,0.0,Normal
665313,64,0.052,-3.0,Normal
667314,67,0.054,1.5,Normal
669314,65,0.052,-1.5,Normal
671315,62,0.050,-6.1,Normal
673316,70,0.056,6.1,Normal
675317,80,0.064,21.2,Slight Change
677318,63,0.051,-4.5,Normal
679319,68,0.055,3.0,Normal
681319,70,0.056,6.1,Normal
683320,65,0.052,-1.5,Normal
685321,62,0.050,-6.1,Normal
687322,70,0.056,6.1,Normal
689322,57,0.046,-13.6,Normal
691323,65,0.052,-1.5,Normal
693324,72,0.058,9.1,Normal
695325,62,0.050,-6.1,Normal
697326,65,0.052,-1.5,Normal
699327,60,0.048,-9.1,Normal
701328,68,0.055,3.0,Normal
703329,70,0.056,6.1,Normal
705329,65,0.052,-1.5,Normal
707330,71,0.057,7.6,Normal
709330,63,0.051,-4.5,Normal
711331,66,0.053,0.0,Normal
713331,68,0.055,3.0,Normal
715332,69,0.056,4.5,Normal
717332,66,0.053,0.0,Normal
719333,61,0.049,-7.6,Normal
721334,62,0.050,-6.1,Normal
723335,62,0.050,-6.1,Normal
725336,68,0.055,3.0,Normal
727337,63,0.051,-4.5,Normal
729338,64,0.052,-3.0,Normal
731339,65,0.052,-1.5,Normal
733340,64,0.052,-3.0,Normal
735341,69,0.056,4.5,Normal
737341,64,0.052,-3.0,Normal
739342,63,0.051,-4.5,Normal
741343,66,0.053,0.0,Normal
743344,66,0.053,0.0,Normal
745344,63,0.051,-4.5,Normal
747345,71,0.057,7.6,Normal
749345,69,0.056,4.5,Normal
751346,65,0.052,-1.5,Normal
753347,62,0.050,-6.1,Normal
755348,69,0.056,4.5,Normal
757348,70,0.056,6.1,Normal
759349,70,0.056,6.1,Normal
761349,64,0.052,-3.0,Normal
763350,67,0.054,1.5,Normal
765350,64,0.052,-3.0,Normal
767351,65,0.052,-1.5,Normal
769352,63,0.051,-4.5,Normal
771353,68,0.055,3.0,Normal
773353,60,0.048,-9.1,Normal
775354,64,0.052,-3.0,Normal
777355,67,0.054,1.5,Normal
779356,69,0.056,4.5,Normal
781356,61,0.049,-7.6,Normal
783357,64,0.052,-3.0,Normal
785358,60,0.048,-9.1,Normal
787359,65,0.052,-1.5,Normal
789360,67,0.054,1.5,Normal
791361,59,0.048,-10.6,Normal
793362,66,0.053,0.0,Normal
795363,60,0.048,-9.1,Normal
797364,62,0.050,-6.1,Normal
799365,62,0.050,-6.1,Normal
801366,70,0.056,6.1,Normal
803367,65,0.052,-1.5,Normal
805368,67,0.054,1.5,Normal
807369,62,0.050,-6.1,Normal
809370,74,0.060,12.1,Slight Change
811371,67,0.054,1.5,Normal
813371,64,0.052,-3.0,Normal
815372,67,0.054,1.5,Normal
817372,63,0.051,-4.5,Normal
819373,59,0.048,-10.6,Normal
821374,70,0.056,6.1,Normal
823375,64,0.052,-3.0,Normal
825376,67,0.054,1.5,Normal
827377,72,0.058,9.1,Normal
829377,62,0.050,-6.1,Normal
831378,63,0.051,-4.5,Normal
833379,66,0.053,0.0,Normal
835380,63,0.051,-4.5,Normal
837381,70,0.056,6.1,Normal
839382,70,0.056,6.1,Normal
841382,65,0.052,-1.5,Normal
843383,67,0.054,1.5,Normal
845383,65,0.052,-1.5,Normal
847384,63,0.051,-4.5,Normal
849385,65,0.052,-1.5,Normal
851386,70,0.056,6.1,Normal
853386,69,0.056,4.5,Normal
855387,66,0.053,0.0,Normal
857387,66,0.053,0.0,Normal
859388,66,0.053,0.0,Normal
861388,68,0.055,3.0,Normal
863389,66,0.053,0.0,Normal
865389,69,0.056,4.5,Normal
867390,67,0.054,1.5,Normal
869390,68,0.055,3.0,Normal
871391,63,0.051,-4.5,Normal
873392,74,0.060,12.1,Slight Change
875393,64,0.052,-3.0,Normal
877394,70,0.056,6.1,Normal
879395,66,0.053,0.0,Normal
881395,66,0.053,0.0,Normal
883396,69,0.056,4.5,Normal
885396,70,0.056,6.1,Normal
887397,69,0.056,4.5,Normal
889397,69,0.056,4.5,Normal
891398,67,0.054,1.5,Normal
893398,65,0.052,-1.5,Normal
895399,67,0.054,1.5,Normal
897399,65,0.052,-1.5,Normal
899400,65,0.052,-1.5,Normal
901401,63,0.051,-4.5,Normal
903402,68,0.055,3.0,Normal
905402,59,0.048,-10.6,Normal
907403,64,0.052,-3.0,Normal
909404,62,0.050,-6.1,Normal
911405,66,0.053,0.0,Normal
913405,72,0.058,9.1,Normal
915406,65,0.052,-1.5,Normal
917407,68,0.055,3.0,Normal
919408,65,0.052,-1.5,Normal
921409,64,0.052,-3.0,Normal
923410,62,0.050,-6.1,Normal
925411,65,0.052,-1.5,Normal
927412,70,0.056,6.1,Normal
929412,57,0.046,-13.6,Normal
931413,65,0.052,-1.5,Normal
933414,65,0.052,-1.5,Normal
935415,66,0.053,0.0,Normal
937415,67,0.054,1.5,Normal
939416,60,0.048,-9.1,Normal
941417,65,0.052,-1.5,Normal
943418,67,0.054,1.5,Normal
945418,62,0.050,-6.1,Normal
947419,61,0.049,-7.6,Normal
949420,70,0.056,6.1,Normal
951421,66,0.053,0.0,Normal
953421,67,0.054,1.5,Normal
955422,65,0.052,-1.5,Normal
957423,63,0.051,-4.5,Normal
959424,64,0.052,-3.0,Normal
961425,66,0.053,0.0,Normal
963426,66,0.053,0.0,Normal
965426,74,0.060,12.1,Slight Change
967427,57,0.046,-13.6,Normal
969428,57,0.046,-13.6,Normal
971429,67,0.054,1.5,Normal
973429,64,0.052,-3.0,Normal
975430,62,0.050,-6.1,Normal
977431,71,0.057,7.6,Normal
979432,64,0.052,-3.0,Normal
981433,65,0.052,-1.5,Normal
983434,72,0.058,9.1,Normal
985434,71,0.057,7.6,Normal
